No.,Symbol,Company Name,Revenue,Stock Price,% Change,Market Cap,Industry,Volume
1,WMT,Walmart Inc.,673.82B,104.04,-0.96%,835.79B,Discount Stores,"11,343,943"
2,AMZN,"Amazon.com, Inc.",637.96B,228.68,-0.73%,"2,423.49B",Internet Retail,"26,365,555"
3,UNH,UnitedHealth Group Incorporated,400.28B,523.51,-1.44%,481.78B,Healthcare Plans,"1,960,922"
4,AAPL,Apple Inc.,395.76B,244.60,1.27%,"3,674.40B",Consumer Electronics,"40,145,605"
5,CVS,CVS Health Corporation,370.66B,65.83,-0.81%,83.00B,Healthcare Plans,"8,900,698"
6,BRK.B,Berkshire Hathaway Inc.,369.89B,479.59,-0.19%,"1,034.06B",Insurance - Diversified,"2,026,859"
7,GOOGL,Alphabet Inc.,350.02B,185.23,-0.49%,"2,257.95B",Internet Content & Information,"20,390,327"
8,MCK,McKesson Corporation,344.58B,593.69,-1.46%,74.41B,Medical Distribution,"497,254"
9,XOM,Exxon Mobil Corporation,343.39B,108.24,0.10%,471.17B,Oil & Gas Integrated,"11,252,041"
10,COR,"Cencora, Inc.",303.19B,242.63,-0.78%,47.05B,Medical Distribution,"844,160"
11,MSFT,Microsoft Corporation,261.80B,408.43,-0.51%,"3,036.26B",Software - Infrastructure,"21,799,548"
12,COST,Costco Wholesale Corporation,258.81B,"1,071.85",-0.47%,475.79B,Discount Stores,"1,406,999"
13,CI,The Cigna Group,247.12B,292.32,-2.50%,81.31B,Healthcare Plans,"1,506,083"
14,CAH,"Cardinal Health, Inc.",222.28B,126.21,-0.45%,30.49B,Medical Distribution,"1,606,162"
15,CVX,Chevron Corporation,198.20B,155.34,-0.35%,279.16B,Oil & Gas Integrated,"4,364,138"
16,GM,General Motors Company,187.44B,48.37,1.00%,48.13B,Auto Manufacturers,"4,608,594"
17,F,Ford Motor Company,184.99B,9.48,1.39%,37.57B,Auto Manufacturers,"42,741,289"
18,ELV,"Elevance Health, Inc.",176.81B,389.25,-0.60%,90.28B,Healthcare Plans,"963,263"
19,JPM,JPMorgan Chase & Co.,166.88B,276.59,0.10%,773.37B,Banks - Diversified,"4,311,648"
20,META,"Meta Platforms, Inc.",164.50B,736.67,1.11%,"1,866.47B",Internet Content & Information,"16,839,183"
21,HD,"The Home Depot, Inc.",154.60B,409.50,-0.71%,406.78B,Home Improvement Retail,"2,023,938"
22,WBA,"Walgreens Boots Alliance, Inc.",150.41B,9.70,-0.51%,8.38B,Pharmaceutical Retailers,"12,187,317"
23,KR,The Kroger Co.,149.88B,65.13,-0.76%,47.13B,Grocery Stores,"3,044,768"
24,CNC,Centene Corporation,147.29B,56.86,0.09%,28.20B,Healthcare Plans,"3,407,479"
25,PSX,Phillips 66,143.15B,128.04,1.99%,52.88B,Oil & Gas Refining & Marketing,"2,804,356"
26,MPC,Marathon Petroleum Corporation,139.34B,156.06,1.28%,49.31B,Oil & Gas Refining & Marketing,"2,411,844"
27,VZ,Verizon Communications Inc.,134.79B,40.99,-0.12%,172.56B,Telecom Services,"10,131,323"
28,VLO,Valero Energy Corporation,129.88B,135.31,3.30%,42.84B,Oil & Gas Refining & Marketing,"3,480,127"
29,CMCSA,Comcast Corporation,123.73B,35.39,0.03%,133.81B,Telecom Services,"17,706,676"
30,T,AT&T Inc.,122.34B,25.87,0.94%,185.70B,Telecom Services,"31,438,834"
31,HUM,Humana Inc.,117.76B,253.83,0.38%,30.62B,Healthcare Plans,"2,378,654"
32,NVDA,NVIDIA Corporation,113.27B,138.85,2.63%,"3,400.44B",Semiconductors,"194,448,420"
33,TGT,Target Corporation,107.57B,127.88,-0.54%,58.60B,Discount Stores,"3,915,905"
34,SNEX,StoneX Group Inc.,106.99B,117.24,0.85%,3.76B,Capital Markets,"169,780"
35,TSLA,"Tesla, Inc.",97.69B,355.84,-0.03%,"1,144.57B",Auto Manufacturers,"67,898,313"
36,BAC,Bank of America Corporation,96.07B,46.96,1.36%,357.41B,Banks - Diversified,"20,474,425"
37,DELL,Dell Technologies Inc.,93.95B,114.38,3.74%,79.80B,Computer Hardware,"16,183,181"
38,DIS,The Walt Disney Company,92.50B,110.38,0.72%,199.54B,Entertainment,"5,948,323"
39,PEP,"PepsiCo, Inc.",91.85B,143.39,-0.82%,196.73B,Beverages - Non-Alcoholic,"4,974,351"
40,UPS,"United Parcel Service, Inc.",91.07B,116.22,0.50%,99.18B,Integrated Freight & Logistics,"5,438,721"
41,JNJ,Johnson & Johnson,88.82B,156.15,-0.70%,375.95B,Drug Manufacturers - General,"6,374,257"
42,FDX,FedEx Corporation,87.39B,267.77,1.77%,64.49B,Integrated Freight & Logistics,"1,032,279"
43,ADM,Archer-Daniels-Midland Company,85.53B,46.10,0.85%,22.06B,Farm Products,"2,246,777"
44,PG,The Procter & Gamble Company,84.35B,162.89,-4.75%,381.95B,Household & Personal Products,"10,710,680"
45,LOW,"Lowe's Companies, Inc.",83.72B,251.79,-0.34%,142.17B,Home Improvement Retail,"1,762,881"
46,ET,Energy Transfer LP,82.67B,19.99,0.86%,68.44B,Oil & Gas Midstream,"10,139,292"
47,TMUS,"T-Mobile US, Inc.",81.40B,270.82,2.16%,309.20B,Telecom Services,"4,823,396"
48,RTX,RTX Corporation,80.74B,122.41,-2.73%,163.07B,Aerospace & Defense,"7,713,919"
49,SYY,Sysco Corporation,80.57B,71.10,-1.07%,34.78B,Food Distribution,"2,542,023"
50,ACI,"Albertsons Companies, Inc.",79.93B,20.83,-2.39%,12.07B,Grocery Stores,"3,613,540"
51,WFC,Wells Fargo & Company,77.96B,79.98,1.43%,263.05B,Banks - Diversified,"17,515,959"
52,PGR,The Progressive Corporation,75.34B,262.60,0.18%,153.83B,Insurance - Property & Casualty,"2,852,098"
53,C,Citigroup Inc.,71.36B,84.61,3.06%,158.82B,Banks - Diversified,"12,682,260"
54,LMT,Lockheed Martin Corporation,71.04B,423.19,-2.65%,99.61B,Aerospace & Defense,"3,240,599"
55,MET,"MetLife, Inc.",70.99B,81.70,-0.78%,56.31B,Insurance - Life,"3,550,735"
56,HCA,"HCA Healthcare, Inc.",70.60B,316.21,-1.77%,78.53B,Medical Care Facilities,"1,190,695"
57,PRU,"Prudential Financial, Inc.",70.41B,111.56,-0.31%,39.49B,Insurance - Life,"918,756"
58,BA,The Boeing Company,66.52B,184.42,-0.55%,138.33B,Aerospace & Defense,"4,108,256"
59,CAT,Caterpillar Inc.,64.81B,353.32,-0.11%,168.86B,Farm & Heavy Construction Machinery,"1,625,151"
60,MRK,"Merck & Co., Inc.",64.17B,83.01,-1.67%,209.99B,Drug Manufacturers - General,"21,457,625"
61,ALL,The Allstate Corporation,64.11B,187.63,-2.67%,49.72B,Insurance - Property & Casualty,"3,917,170"
62,PFE,Pfizer Inc.,63.63B,25.53,-0.43%,144.68B,Drug Manufacturers - General,"32,681,900"
63,IBM,International Business Machines Corporation,62.75B,261.28,0.81%,241.59B,Information Technology Services,"3,921,620"
64,DAL,"Delta Air Lines, Inc.",61.64B,65.39,2.08%,41.96B,Airlines,"5,165,856"
65,MS,Morgan Stanley,61.50B,138.95,1.54%,223.29B,Capital Markets,"5,042,680"
66,AXP,American Express Company,60.76B,311.04,1.15%,218.52B,Credit Services,"1,358,328"
67,SNX,TD SYNNEX Corporation,58.45B,144.42,1.99%,12.23B,Electronics & Computer Distribution,"463,144"
68,UAL,"United Airlines Holdings, Inc.",57.06B,104.26,3.34%,34.29B,Airlines,"4,850,476"
69,PFGC,Performance Food Group Company,56.50B,87.09,-0.98%,13.60B,Food Distribution,"1,114,451"
70,COP,ConocoPhillips,56.45B,96.26,-0.66%,122.81B,Oil & Gas Exploration & Production,"7,954,000"
71,TJX,"The TJX Companies, Inc.",56.42B,124.34,-1.20%,139.78B,Apparel Retail,"3,426,025"
72,ABBV,AbbVie Inc.,56.33B,192.87,-0.30%,340.48B,Drug Manufacturers - General,"3,973,852"
73,EPD,Enterprise Products Partners L.P.,56.22B,33.44,0.69%,72.48B,Oil & Gas Midstream,"4,449,601"
74,CHTR,"Charter Communications, Inc.",55.09B,360.27,-0.14%,57.08B,Telecom Services,"646,011"
75,ORCL,Oracle Corporation,54.93B,174.16,0.17%,487.12B,Software - Infrastructure,"4,629,755"
76,AAL,American Airlines Group Inc.,54.21B,15.97,1.46%,10.50B,Airlines,"28,647,100"
77,CSCO,"Cisco Systems, Inc.",54.18B,64.87,1.61%,258.36B,Communication Equipment,"23,678,733"
78,TSN,"Tyson Foods, Inc.",53.61B,57.10,-0.82%,20.34B,Farm Products,"2,615,001"
79,HPQ,HP Inc.,53.56B,33.64,1.02%,31.55B,Computer Hardware,"4,182,723"
80,BG,Bunge Global SA,53.11B,70.50,1.02%,9.84B,Farm Products,"1,272,785"
81,INTC,Intel Corporation,53.10B,23.60,-2.20%,102.19B,Semiconductors,"228,208,683"
82,GS,"The Goldman Sachs Group, Inc.",52.16B,660.55,1.79%,216.23B,Capital Markets,"1,995,887"
83,AVGO,Broadcom Inc.,51.57B,233.04,-1.17%,"1,092.34B",Semiconductors,"16,850,658"
84,PAA,"Plains All American Pipeline, L.P.",50.07B,19.80,1.33%,13.93B,Oil & Gas Midstream,"2,195,507"
85,PAGP,"Plains GP Holdings, L.P.",50.07B,21.10,0.91%,4.91B,Oil & Gas Midstream,"1,034,137"
86,NKE,"NIKE, Inc.",48.98B,73.04,-0.23%,108.04B,Footwear & Accessories,"7,411,446"
87,BMY,Bristol-Myers Squibb Company,48.30B,53.90,-3.70%,109.38B,Drug Manufacturers - General,"10,636,425"
88,DE,Deere & Company,47.86B,480.22,3.00%,130.79B,Farm & Heavy Construction Machinery,"1,919,131"
89,GD,General Dynamics Corporation,47.72B,241.94,-1.71%,65.31B,Aerospace & Defense,"2,762,916"
90,INGM,Ingram Micro Holding Corporation,47.66B,23.65,1.50%,5.55B,Information Technology Services,"130,657"
91,KO,The Coca-Cola Company,47.06B,68.87,-0.91%,296.28B,Beverages - Non-Alcoholic,"20,765,499"
92,TRV,"The Travelers Companies, Inc.",46.42B,238.30,-1.94%,54.03B,Insurance - Property & Casualty,"1,344,051"
93,LLY,Eli Lilly and Company,45.04B,844.27,-3.16%,760.21B,Drug Manufacturers - General,"2,627,936"
94,WKC,World Kinect Corporation,44.41B,27.34,-2.98%,1.59B,Oil & Gas Refining & Marketing,"618,088"
95,UBER,"Uber Technologies, Inc.",43.98B,79.42,-1.08%,165.91B,Software - Application,"12,796,153"
96,DOW,Dow Inc.,42.96B,38.67,0.86%,27.22B,Chemicals,"4,286,450"
97,TMO,Thermo Fisher Scientific Inc.,42.88B,531.85,-0.15%,203.43B,Diagnostics & Research,"1,511,339"
98,BBY,"Best Buy Co., Inc.",42.23B,91.10,2.16%,19.48B,Specialty Retail,"2,721,192"
99,ABT,Abbott Laboratories,41.95B,130.61,-0.90%,226.54B,Medical Devices,"3,719,680"
100,NOC,Northrop Grumman Corporation,41.03B,438.90,-3.55%,63.53B,Aerospace & Defense,"2,020,685"
101,QCOM,QUALCOMM Incorporated,40.70B,172.23,0.05%,190.38B,Semiconductors,"4,681,407"
102,LYB,LyondellBasell Industries N.V.,40.30B,76.70,0.60%,24.85B,Specialty Chemicals,"1,481,240"
103,DG,Dollar General Corporation,40.17B,72.56,-0.38%,15.96B,Discount Stores,"2,438,099"
104,WBD,"Warner Bros. Discovery, Inc.",39.58B,10.34,1.32%,25.37B,Entertainment,"22,009,474"
105,MOH,"Molina Healthcare, Inc.",39.16B,272.28,0.59%,15.11B,Healthcare Plans,"626,283"
106,NFLX,"Netflix, Inc.",39.00B,"1,058.60",1.43%,452.82B,Entertainment,"3,125,806"
107,GE,General Electric Company,38.70B,208.27,-0.04%,223.53B,Aerospace & Defense,"4,266,885"
108,HON,Honeywell International Inc.,38.50B,202.75,-1.23%,131.84B,Conglomerates,"5,334,169"
109,PM,Philip Morris International Inc.,37.88B,150.46,0.86%,233.94B,Tobacco,"3,852,961"
110,USFD,US Foods Holding Corp.,37.88B,71.25,0.20%,16.41B,Food Distribution,"3,795,466"
111,CRM,"Salesforce, Inc.",37.19B,326.54,-1.00%,312.50B,Software - Application,"5,873,816"
112,V,Visa Inc.,36.80B,353.81,-0.51%,691.19B,Credit Services,"4,218,894"
113,DHI,"D.R. Horton, Inc.",36.69B,130.57,0.95%,41.15B,Residential Construction,"2,477,723"
114,MDLZ,"Mondelez International, Inc.",36.44B,60.82,-0.56%,78.67B,Confectioners,"10,014,574"
115,SLB,Schlumberger Limited,36.29B,41.75,-0.78%,58.49B,Oil & Gas Equipment & Services,"9,102,815"
116,LAD,"Lithia Motors, Inc.",36.24B,379.62,-1.32%,10.11B,Auto & Truck Dealerships,"319,405"
117,SBUX,Starbucks Corporation,36.15B,112.55,-0.40%,127.85B,Restaurants,"8,722,908"
118,CBRE,"CBRE Group, Inc.",35.77B,143.73,0.42%,42.48B,Real Estate Services,"2,078,167"
119,LEN,Lennar Corporation,35.44B,123.84,0.07%,32.88B,Residential Construction,"1,970,393"
120,GEV,GE Vernova Inc.,34.94B,367.59,-0.73%,101.42B,Utilities - Renewable,"2,234,192"
121,CMI,Cummins Inc.,34.10B,373.78,1.21%,51.39B,Specialty Industrial Machinery,"595,073"
122,PCAR,PACCAR Inc,33.66B,105.96,0.67%,55.57B,Farm & Heavy Construction Machinery,"1,753,875"
123,AMGN,Amgen Inc.,33.42B,291.16,-1.96%,156.41B,Drug Manufacturers - General,"2,161,239"
124,PBF,PBF Energy Inc.,33.12B,23.20,-0.04%,2.70B,Oil & Gas Refining & Marketing,"3,080,987"
125,PYPL,"PayPal Holdings, Inc.",31.80B,77.97,1.80%,77.13B,Credit Services,"10,466,902"
126,UNFI,"United Natural Foods, Inc.",31.30B,34.00,-1.08%,2.04B,Food Distribution,"536,402"
127,DLTR,"Dollar Tree, Inc.",31.22B,71.56,-0.62%,15.39B,Discount Stores,"1,512,823"
128,NUE,Nucor Corporation,30.73B,137.77,1.64%,32.35B,Steel,"1,773,811"
129,PAG,"Penske Automotive Group, Inc.",30.46B,174.44,-0.82%,11.65B,Auto & Truck Dealerships,"322,215"
130,DUK,Duke Energy Corporation,30.36B,111.60,-2.06%,86.60B,Utilities - Regulated Electric,"3,564,745"
131,HPE,Hewlett Packard Enterprise Company,30.13B,21.71,2.02%,28.51B,Communication Equipment,"7,832,642"
132,DINO,HF Sinclair Corporation,29.74B,38.01,3.01%,7.16B,Oil & Gas Refining & Marketing,"3,601,993"
133,FERG,Ferguson Enterprises Inc.,29.70B,184.25,0.40%,36.84B,Industrial Distribution,"1,091,617"
134,MU,"Micron Technology, Inc.",29.09B,99.52,4.04%,110.88B,Semiconductors,"21,250,045"
135,PARA,Paramount Global,28.87B,11.30,4.53%,7.54B,Entertainment,"15,125,064"
136,CPNG,"Coupang, Inc.",28.86B,25.34,1.36%,45.58B,Internet Retail,"8,244,684"
137,GILD,"Gilead Sciences, Inc.",28.75B,104.08,-1.77%,129.71B,Drug Manufacturers - General,"6,302,156"
138,MA,Mastercard Incorporated,28.17B,564.76,-0.27%,516.09B,Credit Services,"1,347,961"
139,NRG,"NRG Energy, Inc.",28.12B,107.60,1.27%,21.80B,Utilities - Independent Power Producers,"1,620,287"
140,ARW,"Arrow Electronics, Inc.",27.92B,109.12,0.83%,5.69B,Electronics & Computer Distribution,"431,226"
141,BKR,Baker Hughes Company,27.83B,46.40,0.54%,45.94B,Oil & Gas Equipment & Services,"4,534,495"
142,KMX,"CarMax, Inc.",27.80B,88.90,1.48%,13.67B,Auto & Truck Dealerships,"1,671,132"
143,AMAT,"Applied Materials, Inc.",27.64B,169.20,-8.18%,137.51B,Semiconductor Equipment & Materials,"12,251,482"
144,JBL,Jabil Inc.,27.49B,169.65,0.58%,18.58B,Electronic Components,"578,167"
145,LUV,Southwest Airlines Co.,27.48B,30.28,1.17%,17.95B,Airlines,"6,922,820"
146,COF,Capital One Financial Corporation,27.40B,202.16,2.46%,77.06B,Credit Services,"2,480,471"
147,OXY,Occidental Petroleum Corporation,27.14B,48.06,0.38%,45.10B,Oil & Gas Exploration & Production,"9,005,845"
148,AIG,"American International Group, Inc.",27.02B,74.34,-2.70%,46.37B,Insurance - Diversified,"4,241,110"
149,AN,"AutoNation, Inc.",26.77B,192.68,0.36%,7.53B,Auto & Truck Dealerships,"411,201"
150,KKR,KKR & Co. Inc.,26.57B,140.56,0.90%,124.85B,Asset Management,"1,792,447"
151,HIG,"The Hartford Insurance Group, Inc.",26.54B,111.98,-0.27%,32.21B,Insurance - Property & Casualty,"1,848,544"
152,SO,The Southern Company,26.43B,85.58,-1.38%,93.77B,Utilities - Regulated Electric,"2,825,832"
153,MCD,McDonald's Corporation,25.92B,308.55,-0.47%,221.11B,Restaurants,"1,735,802"
154,APO,"Apollo Global Management, Inc.",25.89B,162.81,3.10%,92.11B,Asset Management,"2,642,806"
155,KHC,The Kraft Heinz Company,25.85B,28.92,-1.13%,34.56B,Packaged Foods,"8,581,026"
156,AMD,"Advanced Micro Devices, Inc.",25.79B,113.10,1.15%,183.28B,Semiconductors,"32,130,107"
157,FLEX,Flex Ltd.,25.58B,42.51,0.28%,16.29B,Electronic Components,"1,501,557"
158,FCX,Freeport-McMoRan Inc.,25.46B,39.47,-1.86%,56.72B,Copper,"17,456,452"
159,USB,U.S. Bancorp,25.10B,47.75,0.76%,74.49B,Banks - Regional,"5,340,982"
160,CCL,Carnival Corporation & plc,25.02B,26.23,1.43%,34.34B,Travel Services,"9,782,503"
161,NEE,"NextEra Energy, Inc.",24.75B,68.06,-0.79%,140.00B,Utilities - Regulated Electric,"10,294,272"
162,MMM,3M Company,24.58B,148.62,-0.07%,80.69B,Conglomerates,"2,362,475"
163,MMC,"Marsh & McLennan Companies, Inc.",24.46B,228.83,-0.98%,112.39B,Insurance Brokers,"1,691,910"
164,PCG,PG&E Corporation,24.42B,15.29,-3.53%,33.54B,Utilities - Regulated Electric,"24,416,667"
165,UNP,Union Pacific Corporation,24.25B,249.22,-0.70%,150.60B,Railroads,"1,696,285"
166,CEG,Constellation Energy Corporation,23.98B,317.30,1.87%,99.26B,Utilities - Renewable,"2,191,530"
167,DHR,Danaher Corporation,23.88B,206.30,1.33%,148.35B,Diagnostics & Research,"4,265,379"
168,EOG,"EOG Resources, Inc.",23.86B,129.31,0.22%,72.42B,Oil & Gas Exploration & Production,"2,220,377"
169,XYZ,"Block, Inc.",23.86B,84.00,-0.34%,47.77B,Software - Infrastructure,"4,815,236"
170,M,"Macy's, Inc.",23.37B,15.04,-0.46%,4.18B,Department Stores,"4,202,199"
171,LYV,"Live Nation Entertainment, Inc.",23.32B,153.76,0.77%,35.46B,Entertainment,"1,461,204"
172,LEA,Lear Corporation,23.31B,96.37,0.05%,5.24B,Auto Parts,"489,455"
173,GPC,Genuine Parts Company,23.30B,124.90,0.18%,17.37B,Auto Parts,"1,973,729"
174,SHW,The Sherwin-Williams Company,23.10B,356.86,-1.18%,89.57B,Specialty Chemicals,"1,343,072"
175,BKNG,Booking Holdings Inc.,23.05B,"5,044.40",0.71%,166.95B,Travel Services,"198,753"
176,EXC,Exelon Corporation,23.03B,42.85,-0.28%,43.07B,Utilities - Regulated Electric,"7,847,630"
177,HAL,Halliburton Company,22.94B,26.16,-0.46%,22.71B,Oil & Gas Equipment & Services,"6,474,907"
178,PWR,"Quanta Services, Inc.",22.90B,285.45,-1.86%,42.14B,Engineering & Construction,"2,091,804"
179,SUN,Sunoco LP,22.69B,57.08,-0.47%,7.78B,Oil & Gas Refining & Marketing,"413,736"
180,SYK,Stryker Corporation,22.60B,385.18,-0.82%,146.98B,Medical Devices,"1,267,645"
181,JLL,Jones Lang LaSalle Incorporated,22.50B,282.69,1.20%,13.41B,Real Estate Services,"271,589"
182,CARR,Carrier Global Corporation,22.49B,65.13,2.29%,56.55B,Building Products & Equipment,"6,593,468"
183,AVT,"Avnet, Inc.",22.48B,51.21,1.37%,4.43B,Electronics & Computer Distribution,"721,471"
184,RGA,"Reinsurance Group of America, Incorporated",22.11B,199.85,-2.27%,13.16B,Insurance - Reinsurance,"868,948"
185,WM,"Waste Management, Inc.",22.06B,227.73,0.06%,91.40B,Waste Management,"924,809"
186,WCC,"WESCO International, Inc.",21.82B,196.85,1.64%,9.61B,Industrial Distribution,"467,525"
187,ADBE,Adobe Inc.,21.51B,460.16,0.20%,200.31B,Software - Application,"2,618,710"
188,LHX,"L3Harris Technologies, Inc.",21.33B,197.61,-1.20%,37.48B,Aerospace & Defense,"1,551,276"
189,ROST,"Ross Stores, Inc.",21.24B,138.76,-1.20%,45.78B,Apparel Retail,"2,261,750"
190,CDW,CDW Corporation,21.00B,189.39,0.96%,25.24B,Information Technology Services,"1,549,480"
191,PNC,"The PNC Financial Services Group, Inc.",20.77B,193.91,-0.78%,76.78B,Banks - Regional,"2,356,612"
192,THC,Tenet Healthcare Corporation,20.67B,133.31,-0.19%,12.68B,Medical Care Facilities,"1,782,042"
193,BDX,"Becton, Dickinson and Company",20.64B,224.80,-0.09%,64.55B,Medical Instruments & Supplies,"1,131,385"
194,BJ,"BJ's Wholesale Club Holdings, Inc.",20.58B,105.95,-0.94%,14.00B,Discount Stores,"1,278,462"
195,FI,"Fiserv, Inc.",20.46B,230.60,0.32%,131.19B,Information Technology Services,"2,103,730"
196,MO,"Altria Group, Inc.",20.44B,53.29,-0.62%,90.32B,Tobacco,"4,561,262"
197,BLK,"BlackRock, Inc.",20.41B,973.92,-0.65%,150.84B,Asset Management,"964,065"
198,CL,Colgate-Palmolive Company,20.10B,86.04,-1.95%,69.82B,Household & Personal Products,"4,124,547"
199,KMB,Kimberly-Clark Corporation,20.06B,132.67,-1.99%,44.00B,Household & Personal Products,"1,976,409"
200,CLF,Cleveland-Cliffs Inc.,19.97B,11.48,0.79%,5.67B,Steel,"13,603,309"
201,GPI,"Group 1 Automotive, Inc.",19.93B,481.31,-0.57%,6.25B,Auto & Truck Dealerships,"83,473"
202,OKE,"ONEOK, Inc.",19.93B,97.85,-1.13%,57.17B,Oil & Gas Midstream,"2,244,608"
203,PH,Parker-Hannifin Corporation,19.91B,700.25,0.93%,90.17B,Specialty Industrial Machinery,"1,029,991"
204,ADP,"Automatic Data Processing, Inc.",19.90B,308.15,-0.67%,125.38B,Software - Application,"1,078,205"
205,GIS,"General Mills, Inc.",19.90B,58.84,-1.18%,32.49B,Packaged Foods,"3,483,582"
206,CTSH,Cognizant Technology Solutions Corporation,19.74B,90.70,1.25%,44.86B,Information Technology Services,"4,249,888"
207,AEP,"American Electric Power Company, Inc.",19.72B,101.83,0.83%,54.18B,Utilities - Regulated Electric,"2,700,426"
208,GEHC,GE HealthCare Technologies Inc.,19.67B,92.21,-1.36%,42.17B,Health Information Services,"3,365,716"
209,SCHW,The Charles Schwab Corporation,19.61B,80.34,-1.51%,147.19B,Capital Markets,"9,582,784"
210,AFL,Aflac Incorporated,18.93B,103.34,-0.71%,56.83B,Insurance - Life,"1,110,074"
211,GT,The Goodyear Tire & Rubber Company,18.88B,9.58,17.26%,2.73B,Auto Parts,"21,622,031"
212,CRBG,"Corebridge Financial, Inc.",18.65B,33.18,3.62%,18.45B,Asset Management,"4,309,912"
213,IP,International Paper Company,18.62B,56.12,1.23%,29.59B,Packaging & Containers,"7,630,435"
214,AZO,"AutoZone, Inc.",18.58B,"3,458.55",-0.32%,58.04B,Specialty Retail,"77,024"
215,BK,The Bank of New York Mellon Corporation,18.55B,87.84,1.10%,63.04B,Banks - Diversified,"5,046,414"
216,LNC,Lincoln National Corporation,18.44B,39.09,-0.36%,6.66B,Insurance - Life,"1,772,153"
217,PHM,"PulteGroup, Inc.",17.95B,107.43,0.68%,21.75B,Residential Construction,"1,519,267"
218,MUSA,Murphy USA Inc.,17.91B,486.89,-1.18%,9.75B,Specialty Retail,"218,877"
219,PPC,Pilgrim's Pride Corporation,17.88B,53.88,3.52%,12.78B,Packaged Foods,"2,837,254"
220,MAN,ManpowerGroup Inc.,17.85B,55.24,0.09%,2.59B,Staffing & Employment Services,"547,267"
221,CHRW,"C.H. Robinson Worldwide, Inc.",17.72B,99.49,0.88%,11.81B,Integrated Freight & Logistics,"729,077"
222,EMR,Emerson Electric Co.,17.55B,123.34,-1.56%,69.55B,Specialty Industrial Machinery,"2,139,051"
223,ARMK,Aramark,17.55B,37.75,-2.40%,10.01B,Specialty Business Services,"1,121,923"
224,STLD,"Steel Dynamics, Inc.",17.54B,135.83,2.22%,20.68B,Steel,"1,590,310"
225,L,Loews Corporation,17.51B,83.01,-1.32%,17.67B,Insurance - Property & Casualty,"736,566"
226,AMP,"Ameriprise Financial, Inc.",17.45B,545.93,1.15%,52.52B,Asset Management,"1,037,725"
227,GLP,Global Partners LP,17.39B,57.23,0.18%,1.94B,Oil & Gas Midstream,"49,890"
228,EIX,Edison International,17.32B,50.06,-2.83%,19.38B,Utilities - Regulated Electric,"4,489,830"
229,MGM,MGM Resorts International,17.24B,39.81,-1.39%,11.72B,Resorts & Casinos,"6,450,209"
230,ABG,"Asbury Automotive Group, Inc.",17.19B,303.37,1.22%,5.94B,Auto & Truck Dealerships,"121,488"
231,GWW,"W.W. Grainger, Inc.",17.17B,"1,027.73",-0.01%,50.05B,Industrial Distribution,"261,901"
232,NEM,Newmont Corporation,16.99B,46.54,-2.53%,52.44B,Gold,"9,881,564"
233,CTVA,"Corteva, Inc.",16.91B,63.96,1.75%,43.85B,Agricultural Inputs,"3,906,087"
234,KSS,Kohl's Corporation,16.78B,11.72,-1.18%,1.30B,Department Stores,"6,698,267"
235,BSX,Boston Scientific Corporation,16.75B,106.11,-0.03%,156.39B,Medical Devices,"2,970,587"
236,BLDR,"Builders FirstSource, Inc.",16.73B,153.90,0.92%,17.71B,Building Products & Equipment,"1,456,152"
237,ORLY,"O'Reilly Automotive, Inc.",16.71B,"1,318.80",-1.26%,75.81B,Specialty Retail,"277,266"
238,LDOS,"Leidos Holdings, Inc.",16.66B,132.26,1.23%,17.35B,Information Technology Services,"1,731,634"
239,MKL,Markel Group Inc.,16.62B,"1,868.01",-1.53%,24.03B,Insurance - Property & Casualty,"66,277"
240,WHR,Whirlpool Corporation,16.61B,103.89,2.29%,5.75B,"Furnishings, Fixtures & Appliances","975,535"
241,INTU,Intuit Inc.,16.59B,587.38,0.60%,164.42B,Software - Application,"1,346,542"
242,RCL,Royal Caribbean Cruises Ltd.,16.49B,263.09,1.15%,70.81B,Travel Services,"1,132,622"
243,VST,Vistra Corp.,16.27B,167.66,1.21%,57.04B,Utilities - Independent Power Producers,"5,689,101"
244,ACM,AECOM,16.22B,100.41,-1.74%,13.32B,Engineering & Construction,"1,246,952"
245,TRGP,Targa Resources Corp.,16.22B,205.36,0.46%,44.78B,Oil & Gas Midstream,"1,150,861"
246,LRCX,Lam Research Corporation,16.21B,82.75,-0.66%,106.22B,Semiconductor Equipment & Materials,"9,141,416"
247,PFG,"Principal Financial Group, Inc.",16.13B,85.65,-1.50%,19.37B,Asset Management,"1,620,566"
248,RSG,"Republic Services, Inc.",16.03B,231.37,3.06%,72.25B,Waste Management,"1,497,056"
249,SATS,EchoStar Corporation,16.02B,29.26,1.04%,8.37B,Communication Equipment,"918,081"
250,DFS,Discover Financial Services,15.96B,195.97,3.08%,49.23B,Credit Services,"1,228,300"
251,ITW,Illinois Tool Works Inc.,15.90B,258.11,-0.76%,76.22B,Specialty Industrial Machinery,"1,013,793"
252,FLR,Fluor Corporation,15.88B,43.40,-3.41%,7.44B,Engineering & Construction,"5,944,739"
253,PPG,"PPG Industries, Inc.",15.85B,117.75,-0.14%,27.28B,Specialty Chemicals,"1,677,203"
254,ECL,Ecolab Inc.,15.74B,264.74,-0.27%,74.96B,Specialty Chemicals,"991,753"
255,OMC,Omnicom Group Inc.,15.69B,82.17,0.28%,16.15B,Advertising Agencies,"3,063,842"
256,TXN,Texas Instruments Incorporated,15.64B,183.03,1.23%,166.62B,Semiconductors,"4,087,007"
257,X,United States Steel Corporation,15.64B,38.43,-1.00%,8.66B,Steel,"5,421,548"
258,WDC,Western Digital Corporation,15.60B,68.39,1.23%,23.79B,Computer Hardware,"5,608,797"
259,LNG,"Cheniere Energy, Inc.",15.58B,213.52,1.68%,47.91B,Oil & Gas Midstream,"2,731,430"
260,KVUE,Kenvue Inc.,15.46B,21.93,2.24%,42.05B,Household & Personal Products,"26,782,937"
261,UHS,"Universal Health Services, Inc.",15.42B,181.54,-0.69%,11.98B,Medical Care Facilities,"392,294"
262,IQV,IQVIA Holdings Inc.,15.41B,193.44,-1.33%,34.06B,Diagnostics & Research,"1,527,451"
263,SWK,"Stanley Black & Decker, Inc.",15.37B,87.10,0.33%,13.43B,Tools & Accessories,"997,238"
264,URI,"United Rentals, Inc.",15.35B,741.26,1.63%,48.41B,Rental & Leasing Services,"413,843"
265,GAP,"The Gap, Inc.",15.24B,22.78,-1.13%,8.59B,Apparel Retail,"3,666,437"
266,APH,Amphenol Corporation,15.22B,68.88,-0.71%,83.42B,Electronic Components,"5,448,825"
267,FOXA,Fox Corporation,15.18B,55.63,0.32%,25.22B,Entertainment,"3,509,481"
268,EL,The Est√©e Lauder Companies Inc.,15.18B,68.69,-1.41%,24.71B,Household & Personal Products,"3,247,775"
269,KDP,Keurig Dr Pepper Inc.,15.15B,31.65,-0.69%,42.93B,Beverages - Non-Alcoholic,"8,959,857"
270,JWN,"Nordstrom, Inc.",15.11B,24.33,0.08%,4.02B,Department Stores,"845,429"
271,KD,"Kyndryl Holdings, Inc.",15.11B,41.79,0.60%,9.72B,Information Technology Services,"1,139,899"
272,KMI,"Kinder Morgan, Inc.",15.10B,26.55,-0.04%,58.99B,Oil & Gas Midstream,"9,591,887"
273,BAX,Baxter International Inc.,15.06B,30.82,0.65%,15.74B,Medical Instruments & Supplies,"3,855,412"
274,VTRS,Viatris Inc.,15.05B,10.80,-,12.89B,Drug Manufacturers - Specialty & Generic,"9,299,858"
275,ED,"Consolidated Edison, Inc.",15.03B,94.92,-0.77%,32.89B,Utilities - Regulated Electric,"1,920,850"
276,CASY,"Casey's General Stores, Inc.",14.97B,432.17,-2.34%,16.04B,Specialty Retail,"265,733"
277,SMCI,"Super Micro Computer, Inc.",14.94B,47.91,13.32%,28.05B,Computer Hardware,"130,605,032"
278,TSCO,Tractor Supply Company,14.88B,57.14,0.26%,30.52B,Specialty Retail,"4,038,444"
279,CSX,CSX Corporation,14.54B,33.37,0.82%,64.35B,Railroads,"10,317,140"
280,DVN,Devon Energy Corporation,14.53B,34.64,1.23%,22.76B,Oil & Gas Exploration & Production,"5,750,133"
281,LKQ,LKQ Corporation,14.50B,39.11,1.32%,10.17B,Auto Parts,"1,428,974"
282,D,"Dominion Energy, Inc.",14.46B,55.59,-1.97%,46.70B,Utilities - Regulated Electric,"3,613,277"
283,CNA,CNA Financial Corporation,14.27B,48.65,-1.44%,13.18B,Insurance - Property & Casualty,"351,160"
284,OTIS,Otis Worldwide Corporation,14.26B,96.74,-1.31%,38.36B,Specialty Industrial Machinery,"2,267,820"
285,EME,"EMCOR Group, Inc.",14.24B,426.29,-0.29%,19.61B,Engineering & Construction,"303,333"
286,SAH,"Sonic Automotive, Inc.",14.22B,73.45,-0.16%,2.51B,Auto & Truck Dealerships,"174,144"
287,SPGI,S&P Global Inc.,14.21B,539.69,-0.48%,166.12B,Financial Data & Stock Exchanges,"973,324"
288,REGN,"Regeneron Pharmaceuticals, Inc.",14.20B,673.60,-0.10%,72.09B,Biotechnology,"596,873"
289,SFD,"Smithfield Foods, Inc.",14.19B,21.23,0.24%,8.35B,Farm Products,"199,102"
290,BWA,BorgWarner Inc.,14.09B,30.22,2.79%,6.61B,Auto Parts,"2,915,063"
291,RS,"Reliance, Inc.",14.05B,297.69,2.21%,16.11B,Steel,"513,308"
292,DK,"Delek US Holdings, Inc.",13.87B,18.25,4.70%,1.15B,Oil & Gas Refining & Marketing,"1,127,127"
293,TXT,Textron Inc.,13.70B,72.28,-1.12%,13.20B,Aerospace & Defense,"1,582,154"
294,EXPE,"Expedia Group, Inc.",13.69B,202.38,-0.40%,26.08B,Travel Services,"1,311,315"
295,WRB,W. R. Berkley Corporation,13.64B,60.35,-1.85%,22.94B,Insurance - Property & Casualty,"1,432,742"
296,FNF,"Fidelity National Financial, Inc.",13.53B,57.95,0.43%,15.86B,Insurance - Specialty,"852,795"
297,XEL,Xcel Energy Inc.,13.44B,68.61,0.31%,39.40B,Utilities - Regulated Electric,"2,910,697"
298,DKS,"DICK'S Sporting Goods, Inc.",13.43B,238.36,-1.75%,19.42B,Specialty Retail,"860,965"
299,FE,FirstEnergy Corp.,13.26B,40.00,-0.65%,23.05B,Utilities - Regulated Electric,"3,026,992"
300,RJF,"Raymond James Financial, Inc.",13.24B,159.84,-0.34%,32.75B,Asset Management,"1,699,104"
301,GLW,Corning Incorporated,13.12B,52.54,0.83%,45.00B,Electronic Components,"3,779,547"
302,LUMN,"Lumen Technologies, Inc.",13.11B,4.600,-2.34%,4.67B,Telecom Services,"7,796,573"
303,DXC,DXC Technology Company,13.09B,20.37,-1.02%,3.69B,Information Technology Services,"587,830"
304,LH,Labcorp Holdings Inc.,13.01B,246.49,0.66%,20.56B,Diagnostics & Research,"565,887"
305,STT,State Street Corporation,12.93B,99.16,0.14%,28.60B,Asset Management,"1,520,675"
306,SRE,Sempra,12.92B,84.10,0.29%,53.27B,Utilities - Diversified,"3,556,544"
307,UNM,Unum Group,12.89B,74.36,-1.43%,13.28B,Insurance - Life,"1,150,116"
308,DVA,DaVita Inc.,12.82B,157.42,-11.09%,12.59B,Medical Care Facilities,"5,099,069"
309,K,Kellanova,12.75B,82.26,0.06%,28.35B,Packaged Foods,"2,978,290"
310,BX,Blackstone Inc.,12.66B,164.84,2.72%,201.30B,Asset Management,"3,664,970"
311,HES,Hess Corporation,12.66B,146.55,0.48%,45.01B,Oil & Gas Exploration & Production,"1,643,279"
312,R,"Ryder System, Inc.",12.64B,166.34,3.27%,7.00B,Rental & Leasing Services,"509,113"
313,CYH,"Community Health Systems, Inc.",12.55B,3.380,-,447.49M,Medical Care Facilities,"2,442,216"
314,CVNA,Carvana Co.,12.55B,285.33,4.75%,60.26B,Auto & Truck Dealerships,"3,935,759"
315,HSIC,"Henry Schein, Inc.",12.50B,76.00,-2.09%,9.48B,Medical Distribution,"1,404,406"
316,DTE,DTE Energy Company,12.46B,129.04,0.96%,26.74B,Utilities - Regulated Electric,"1,891,675"
317,EQH,"Equitable Holdings, Inc.",12.44B,55.34,2.98%,17.15B,Asset Management,"4,520,810"
318,DD,"DuPont de Nemours, Inc.",12.39B,83.25,-0.95%,34.80B,Specialty Chemicals,"2,916,054"
319,BERY,"Berry Global Group, Inc.",12.31B,70.24,-0.24%,8.13B,Packaging & Containers,"585,434"
320,AES,The AES Corporation,12.28B,9.93,-2.07%,7.06B,Utilities - Diversified,"18,301,060"
321,MTZ,"MasTec, Inc.",12.18B,135.78,-0.85%,10.58B,Engineering & Construction,"656,856"
322,WLK,Westlake Corporation,12.13B,115.27,2.39%,14.84B,Specialty Chemicals,"919,240"
323,NSC,Norfolk Southern Corporation,12.12B,255.99,-0.48%,57.96B,Railroads,"901,524"
324,LPLA,LPL Financial Holdings Inc.,12.11B,373.98,0.44%,27.92B,Capital Markets,"569,561"
325,JBHT,"J.B. Hunt Transport Services, Inc.",12.09B,169.98,2.73%,17.09B,Integrated Freight & Logistics,"828,691"
326,APD,"Air Products and Chemicals, Inc.",12.03B,316.12,0.30%,70.33B,Specialty Chemicals,"1,171,412"
327,CAG,"Conagra Brands, Inc.",11.93B,25.28,1.20%,12.07B,Packaged Foods,"6,372,517"
328,HRL,Hormel Foods Corporation,11.92B,28.46,-0.28%,15.62B,Packaged Foods,"2,791,027"
329,ES,Eversource Energy,11.90B,61.54,-1.54%,22.57B,Utilities - Regulated Electric,"3,268,704"
330,AA,Alcoa Corporation,11.90B,36.24,-0.38%,9.36B,Aluminum,"3,048,156"
331,AIZ,"Assurant, Inc.",11.88B,202.96,-2.43%,10.41B,Insurance - Property & Casualty,"400,419"
332,ETR,Entergy Corporation,11.86B,82.49,-0.91%,35.37B,Utilities - Regulated Electric,"3,915,845"
333,W,Wayfair Inc.,11.84B,49.41,3.82%,6.19B,Internet Retail,"3,851,955"
334,CCK,"Crown Holdings, Inc.",11.80B,88.03,-0.44%,10.30B,Packaging & Containers,"716,116"
335,BALL,Ball Corporation,11.80B,49.85,1.05%,14.88B,Packaging & Containers,"2,816,069"
336,CAR,"Avis Budget Group, Inc.",11.79B,90.75,4.08%,3.19B,Rental & Leasing Services,"1,055,200"
337,BAH,Booz Allen Hamilton Holding Corporation,11.78B,117.73,-0.13%,14.91B,Consulting Services,"1,629,001"
338,ALK,"Alaska Air Group, Inc.",11.74B,75.74,4.41%,9.32B,Airlines,"2,216,867"
339,GXO,"GXO Logistics, Inc.",11.71B,39.41,8.54%,4.71B,Integrated Freight & Logistics,"4,467,339"
340,AGCO,AGCO Corporation,11.66B,98.05,4.15%,7.32B,Farm & Heavy Construction Machinery,"1,022,152"
341,TAP.A,Molson Coors Beverage Company,11.63B,61.76,6.28%,12.27B,Beverages - Brewers,523
342,TAP,Molson Coors Beverage Company,11.63B,60.36,3.11%,12.27B,Beverages - Brewers,"3,271,555"
343,J,Jacobs Solutions Inc.,11.62B,128.88,-1.13%,15.79B,Engineering & Construction,"710,075"
344,DRI,"Darden Restaurants, Inc.",11.58B,191.19,-1.17%,22.40B,Restaurants,"1,149,021"
345,HII,"Huntington Ingalls Industries, Inc.",11.54B,161.27,0.28%,6.31B,Aerospace & Defense,"833,370"
346,MOS,The Mosaic Company,11.46B,26.51,0.30%,8.42B,Agricultural Inputs,"2,520,538"
347,CHWY,"Chewy, Inc.",11.44B,37.68,-0.76%,15.40B,Internet Retail,"3,049,312"
348,SCCO,Southern Copper Corporation,11.43B,97.27,-0.58%,77.44B,Copper,"1,923,966"
349,IFF,International Flavors & Fragrances Inc.,11.42B,85.58,-0.49%,21.88B,Specialty Chemicals,"1,081,159"
350,TFC,Truist Financial Corporation,11.41B,46.81,0.75%,61.60B,Banks - Regional,"5,374,213"
351,ULTA,"Ulta Beauty, Inc.",11.36B,365.14,1.30%,16.93B,Specialty Retail,"1,180,844"
352,ANDE,"The Andersons, Inc.",11.35B,40.55,-0.61%,1.37B,Food Distribution,"214,993"
353,CINF,Cincinnati Financial Corporation,11.34B,136.97,-0.16%,21.42B,Insurance - Property & Casualty,"693,466"
354,CMG,"Chipotle Mexican Grill, Inc.",11.31B,57.08,-1.81%,77.36B,Restaurants,"6,116,663"
355,LVS,Las Vegas Sands Corp.,11.30B,43.37,2.75%,31.05B,Resorts & Casinos,"5,916,131"
356,CZR,"Caesars Entertainment, Inc.",11.27B,39.76,2.29%,8.45B,Resorts & Casinos,"3,330,396"
357,HSY,The Hershey Company,11.20B,157.88,-1.82%,31.95B,Confectioners,"1,442,297"
358,AAP,"Advance Auto Parts, Inc.",11.19B,47.87,-1.48%,2.84B,Specialty Retail,"901,580"
359,AMT,American Tower Corporation,11.17B,189.38,-0.32%,88.50B,REIT - Specialty,"1,776,000"
360,MPLX,MPLX LP,11.13B,53.83,0.22%,54.75B,Oil & Gas Midstream,"1,749,164"
361,ABNB,"Airbnb, Inc.",11.10B,161.42,14.45%,100.30B,Travel Services,"21,543,810"
362,VRTX,Vertex Pharmaceuticals Incorporated,11.02B,459.00,-0.77%,117.87B,Biotechnology,"881,205"
363,NOW,"ServiceNow, Inc.",10.98B,986.63,-0.29%,203.25B,Software - Application,"1,498,569"
364,AJG,Arthur J. Gallagher & Co.,10.93B,321.50,-2.15%,80.31B,Insurance Brokers,"2,079,519"
365,KLAC,KLA Corporation,10.85B,750.74,-1.77%,99.76B,Semiconductor Equipment & Materials,"998,253"
366,TOL,"Toll Brothers, Inc.",10.85B,123.63,0.08%,12.35B,Residential Construction,"1,799,546"
367,MHK,"Mohawk Industries, Inc.",10.84B,121.01,1.10%,7.64B,"Furnishings, Fixtures & Appliances","779,165"
368,MSI,"Motorola Solutions, Inc.",10.82B,438.14,-5.99%,73.22B,Communication Equipment,"1,285,459"
369,OSK,Oshkosh Corporation,10.76B,107.40,-1.03%,6.99B,Farm & Heavy Construction Machinery,"587,140"
370,WMB,"The Williams Companies, Inc.",10.75B,56.98,-0.84%,69.46B,Oil & Gas Midstream,"5,338,928"
371,DASH,"DoorDash, Inc.",10.72B,213.38,3.76%,89.64B,Internet Content & Information,"6,857,898"
372,NVR,"NVR, Inc.",10.69B,"7,365.72",0.33%,22.03B,Residential Construction,"19,348"
373,OMI,"Owens & Minor, Inc.",10.66B,7.45,-3.75%,574.46M,Medical Distribution,"1,560,009"
374,AMRK,"A-Mark Precious Metals, Inc.",10.59B,27.58,-4.90%,634.87M,Capital Markets,"308,576"
375,BTSG,"BrightSpring Health Services, Inc.",10.59B,22.05,-0.14%,3.84B,Health Information Services,"590,098"
376,CE,Celanese Corporation,10.48B,68.06,4.23%,7.44B,Chemicals,"3,215,991"
377,BURL,"Burlington Stores, Inc.",10.48B,245.10,-1.31%,15.39B,Apparel Retail,"790,375"
378,DAN,Dana Incorporated,10.44B,16.35,1.62%,2.37B,Auto Parts,"1,128,300"
379,OC,Owens Corning,10.44B,179.38,0.75%,15.39B,Building Products & Equipment,"775,359"
380,PEG,Public Service Enterprise Group Incorporated,10.43B,83.70,-0.21%,41.70B,Utilities - Regulated Electric,"1,622,401"
381,WAB,Westinghouse Air Brake Technologies Corporation,10.39B,188.19,-4.22%,32.15B,Railroads,"1,642,236"
382,EBAY,eBay Inc.,10.27B,69.90,0.92%,33.48B,Internet Retail,"3,394,303"
383,NWSA,News Corporation,10.25B,30.21,2.37%,17.14B,Entertainment,"2,627,116"
384,QRTEB,"Qurate Retail, Inc.",10.24B,2.200,0.46%,165.30M,Internet Retail,"1,366"
385,QRTEA,"Qurate Retail, Inc.",10.24B,0.375,1.49%,149.02M,Internet Retail,"873,581"
386,STZ,"Constellation Brands, Inc.",10.18B,162.94,-0.16%,29.44B,Beverages - Brewers,"2,242,358"
387,VFC,V.F. Corporation,10.15B,25.59,0.20%,9.97B,Apparel Manufacturing,"4,161,322"
388,FIS,"Fidelity National Information Services, Inc.",10.13B,68.98,-2.20%,36.54B,Information Technology Services,"6,281,677"
389,GPN,Global Payments Inc.,10.11B,105.63,1.44%,26.16B,Specialty Business Services,"1,975,846"
390,IEP,Icahn Enterprises L.P.,10.06B,9.92,-0.10%,5.00B,Oil & Gas Refining & Marketing,"513,755"
391,CTAS,Cintas Corporation,9.94B,204.22,-0.86%,82.41B,Specialty Business Services,"1,057,816"
392,EXPD,"Expeditors International of Washington, Inc.",9.92B,113.65,0.81%,15.91B,Integrated Freight & Logistics,"1,635,059"
393,CPB,The Campbell's Company,9.89B,38.60,-0.03%,11.51B,Packaged Foods,"2,199,637"
394,DGX,Quest Diagnostics Incorporated,9.87B,168.77,0.03%,18.73B,Diagnostics & Research,"1,327,120"
395,AMTM,"Amentum Holdings, Inc.",9.82B,19.80,-0.05%,4.82B,Specialty Business Services,"1,454,079"
396,THO,"THOR Industries, Inc.",9.69B,103.92,1.36%,5.53B,Recreational Vehicles,"667,568"
397,BIIB,Biogen Inc.,9.68B,137.33,-0.81%,20.10B,Drug Manufacturers - General,"1,635,834"
398,BECN,"Beacon Roofing Supply, Inc.",9.66B,119.30,0.07%,7.35B,Industrial Distribution,"359,063"
399,CNXC,Concentrix Corporation,9.62B,48.12,-0.80%,3.10B,Information Technology Services,"513,640"
400,OVV,Ovintiv Inc.,9.56B,44.13,1.99%,11.49B,Oil & Gas Exploration & Production,"1,909,320"
401,SPTN,SpartanNash Company,9.55B,20.33,-2.26%,686.18M,Food Distribution,"363,255"
402,ADI,"Analog Devices, Inc.",9.43B,214.61,2.52%,106.47B,Semiconductors,"3,937,876"
403,SYF,Synchrony Financial,9.39B,65.21,1.76%,25.35B,Credit Services,"2,028,323"
404,EMN,Eastman Chemical Company,9.38B,101.01,-0.56%,11.63B,Specialty Chemicals,"829,322"
405,NCLH,Norwegian Cruise Line Holdings Ltd.,9.36B,26.38,0.19%,11.60B,Travel Services,"5,491,034"
406,FCNCA,"First Citizens BancShares, Inc.",9.33B,"2,141.49",1.64%,29.38B,Banks - Regional,"32,141"
407,FCNCO,"First Citizens BancShares, Inc.",9.33B,22.77,0.80%,29.00B,Banks - Regional,"9,199"
408,ICE,"Intercontinental Exchange, Inc.",9.28B,166.71,-1.10%,95.79B,Financial Data & Stock Exchanges,"1,776,136"
409,JBLU,JetBlue Airways Corporation,9.28B,6.78,1.50%,2.39B,Airlines,"11,156,404"
410,ZTS,Zoetis Inc.,9.26B,157.52,-4.49%,70.54B,Drug Manufacturers - Specialty & Generic,"7,612,519"
411,IPG,"The Interpublic Group of Companies, Inc.",9.19B,27.05,0.33%,10.08B,Advertising Agencies,"5,974,636"
412,OSCR,"Oscar Health, Inc.",9.18B,13.46,3.06%,3.37B,Healthcare Plans,"3,230,420"
413,FANG,"Diamondback Energy, Inc.",9.16B,156.99,0.53%,45.84B,Oil & Gas Exploration & Production,"2,991,066"
414,SEB,Seaboard Corporation,9.10B,"2,927.00",11.93%,2.84B,Conglomerates,"4,655"
415,HTZ,"Hertz Global Holdings, Inc.",9.05B,4.045,3.72%,1.24B,Rental & Leasing Services,"4,765,495"
416,ARKO,Arko Corp.,8.97B,7.71,3.35%,892.60M,Specialty Retail,"931,168"
417,SKX,"Skechers U.S.A., Inc.",8.97B,64.10,-0.31%,9.68B,Footwear & Accessories,"2,256,005"
418,APA,APA Corporation,8.96B,23.14,2.89%,8.56B,Oil & Gas Exploration & Production,"7,817,597"
419,ATUS,"Altice USA, Inc.",8.95B,2.820,3.30%,1.30B,Telecom Services,"1,874,438"
420,CQP,"Cheniere Energy Partners, L.P.",8.93B,61.66,-1.07%,29.85B,Oil & Gas Midstream,"188,061"
421,NOV,NOV Inc.,8.87B,15.54,-2.45%,5.92B,Oil & Gas Equipment & Services,"4,201,876"
422,SJM,The J. M. Smucker Company,8.83B,102.03,-2.99%,10.86B,Packaged Foods,"1,135,386"
423,GPK,Graphic Packaging Holding Company,8.81B,26.69,0.34%,8.01B,Packaging & Containers,"1,485,463"
424,FTI,TechnipFMC plc,8.80B,30.36,0.26%,12.92B,Oil & Gas Equipment & Services,"4,087,906"
425,PVH,PVH Corp.,8.77B,77.71,0.27%,4.32B,Apparel Manufacturing,"669,735"
426,AVY,Avery Dennison Corporation,8.76B,181.61,-0.69%,14.59B,Packaging & Containers,"526,618"
427,BEN,"Franklin Resources, Inc.",8.74B,20.53,1.43%,10.78B,Asset Management,"3,246,070"
428,NSIT,"Insight Enterprises, Inc.",8.70B,165.58,-1.19%,5.26B,Electronics & Computer Distribution,"208,147"
429,SIRI,Sirius XM Holdings Inc.,8.70B,27.11,2.53%,9.18B,Entertainment,"4,653,002"
430,MTB,M&T Bank Corporation,8.67B,198.82,0.85%,32.91B,Banks - Regional,"1,197,277"
431,WEC,"WEC Energy Group, Inc.",8.60B,102.97,-0.78%,32.71B,Utilities - Regulated Electric,"1,743,218"
432,PANW,"Palo Alto Networks, Inc.",8.57B,200.03,-0.92%,132.44B,Software - Infrastructure,"13,794,164"
433,CNP,"CenterPoint Energy, Inc.",8.56B,33.41,-0.06%,21.77B,Utilities - Regulated Electric,"5,173,514"
434,XYL,Xylem Inc.,8.56B,129.38,-1.30%,31.43B,Specialty Industrial Machinery,"817,629"
435,PLD,"Prologis, Inc.",8.56B,120.85,-0.04%,113.94B,REIT - Industrial,"1,473,547"
436,PPL,PPL Corporation,8.46B,33.73,-1.98%,24.90B,Utilities - Regulated Electric,"6,264,032"
437,PKG,Packaging Corporation of America,8.38B,212.50,0.16%,18.95B,Packaging & Containers,"806,295"
438,ABM,ABM Industries Incorporated,8.36B,52.92,-0.47%,3.29B,Specialty Business Services,"184,608"
439,ISRG,"Intuitive Surgical, Inc.",8.35B,595.55,0.70%,212.41B,Medical Instruments & Supplies,"1,172,775"
440,PARR,"Par Pacific Holdings, Inc.",8.33B,15.84,1.80%,886.28M,Oil & Gas Refining & Marketing,"1,511,298"
441,NTRS,Northern Trust Corporation,8.29B,110.77,-0.65%,21.71B,Asset Management,"1,348,993"
442,ORI,Old Republic International Corporation,8.23B,36.41,-0.27%,9.17B,Insurance - Property & Casualty,"1,001,077"
443,SOLV,Solventum Corporation,8.22B,74.24,-0.09%,12.83B,Health Information Services,"1,060,979"
444,BBUC,Brookfield Business Corporation,8.21B,26.47,2.04%,1.93B,Asset Management,"36,187"
445,EQIX,"Equinix, Inc.",8.17B,933.60,1.15%,90.87B,REIT - Specialty,"521,700"
446,TMHC,Taylor Morrison Home Corporation,8.17B,64.18,0.36%,6.64B,Residential Construction,"1,156,444"
447,TDG,TransDigm Group Incorporated,8.16B,"1,314.19",-1.63%,73.71B,Aerospace & Defense,"350,656"
448,WDAY,"Workday, Inc.",8.16B,258.05,-0.80%,68.64B,Software - Application,"1,377,343"
449,CACI,CACI International Inc,8.13B,338.51,-1.31%,7.59B,Information Technology Services,"566,511"
450,FL,"Foot Locker, Inc.",8.12B,20.31,2.42%,1.93B,Apparel Retail,"2,802,787"
451,ROK,"Rockwell Automation, Inc.",8.09B,294.40,-1.43%,33.29B,Specialty Industrial Machinery,"877,440"
452,XPO,"XPO, Inc.",8.07B,145.64,1.54%,17.08B,Trucking,"714,115"
453,VOYA,"Voya Financial, Inc.",8.05B,74.96,1.00%,7.21B,Financial Conglomerates,"1,037,346"
454,VRT,Vertiv Holdings Co,8.01B,108.05,-1.13%,41.14B,Electrical Equipment & Parts,"6,627,050"
455,WELL,Welltower Inc.,7.99B,149.97,-0.97%,96.18B,REIT - Healthcare Facilities,"1,878,561"
456,AFG,"American Financial Group, Inc.",7.99B,123.28,-0.84%,10.35B,Insurance - Property & Casualty,"546,466"
457,FITB,Fifth Third Bancorp,7.95B,44.06,1.10%,29.51B,Banks - Regional,"4,490,225"
458,POST,"Post Holdings, Inc.",7.93B,111.47,-1.35%,6.30B,Packaged Foods,"451,073"
459,CVI,"CVR Energy, Inc.",7.87B,18.56,1.87%,1.87B,Oil & Gas Refining & Marketing,"437,654"
460,CMC,Commercial Metals Company,7.83B,52.50,1.98%,5.97B,Steel,"1,096,586"
461,MAS,Masco Corporation,7.83B,78.39,0.99%,16.62B,Building Products & Equipment,"1,276,344"
462,RUSHA,"Rush Enterprises, Inc.",7.82B,60.47,1.65%,4.78B,Auto & Truck Dealerships,"191,626"
463,RUSHB,"Rush Enterprises, Inc.",7.82B,57.25,-0.50%,4.72B,Auto & Truck Dealerships,"18,603"
464,DOV,Dover Corporation,7.75B,202.33,-0.18%,27.76B,Specialty Industrial Machinery,"571,478"
465,SANM,Sanmina Corporation,7.70B,89.66,0.34%,4.87B,Electronic Components,"283,969"
466,ZBH,"Zimmer Biomet Holdings, Inc.",7.68B,100.52,0.61%,20.01B,Medical Devices,"1,974,540"
467,AEE,Ameren Corporation,7.62B,98.07,-0.20%,26.47B,Utilities - Regulated Electric,"3,561,278"
468,NWL,Newell Brands Inc.,7.58B,7.06,0.64%,2.93B,Household & Personal Products,"6,605,012"
469,YUM,"Yum! Brands, Inc.",7.55B,147.91,-0.56%,41.28B,Restaurants,"1,956,115"
470,FAST,Fastenal Company,7.55B,74.78,-0.01%,42.88B,Industrial Distribution,"1,703,132"
471,WSM,"Williams-Sonoma, Inc.",7.53B,214.60,3.64%,26.42B,Specialty Retail,"898,945"
472,CMS,CMS Energy Corporation,7.52B,68.81,-1.45%,20.56B,Utilities - Regulated Electric,"2,237,091"
473,EDR,"Endeavor Group Holdings, Inc.",7.48B,35.17,-0.93%,16.47B,Entertainment,"237,233"
474,WSO.B,"Watsco, Inc.",7.47B,483.79,2.77%,18.21B,Industrial Distribution,121
475,WSO,"Watsco, Inc.",7.47B,483.69,1.51%,18.21B,Industrial Distribution,"422,610"
476,BBWI,"Bath & Body Works, Inc.",7.43B,36.47,0.11%,7.90B,Specialty Retail,"1,834,971"
477,HWM,Howmet Aerospace Inc.,7.43B,133.42,4.17%,54.04B,Aerospace & Defense,"3,731,901"
478,INGR,Ingredion Incorporated,7.43B,126.80,-1.13%,8.18B,Packaged Foods,"506,544"
479,GNW,"Genworth Financial, Inc.",7.43B,7.29,0.28%,3.11B,Insurance - Life,"3,668,630"
480,SFM,"Sprouts Farmers Market, Inc.",7.42B,177.12,0.43%,17.71B,Grocery Stores,"808,945"
481,MNST,Monster Beverage Corporation,7.41B,49.25,-0.55%,47.90B,Beverages - Non-Alcoholic,"6,105,762"
482,KNX,Knight-Swift Transportation Holdings Inc.,7.41B,54.17,-0.53%,8.77B,Trucking,"2,393,480"
483,NDAQ,"Nasdaq, Inc.",7.40B,80.91,-0.95%,46.50B,Financial Data & Stock Exchanges,"1,948,406"
484,VMC,Vulcan Materials Company,7.40B,270.46,0.42%,35.72B,Building Materials,"924,572"
485,SAIC,Science Applications International Corporation,7.38B,100.93,0.71%,4.93B,Information Technology Services,"785,973"
486,KBR,"KBR, Inc.",7.35B,51.98,-0.90%,6.93B,Engineering & Construction,"1,556,684"
487,EA,Electronic Arts Inc.,7.35B,129.40,-0.32%,33.72B,Electronic Gaming & Multimedia,"2,233,644"
488,RPM,RPM International Inc.,7.35B,123.46,0.55%,15.87B,Specialty Chemicals,"1,426,979"
489,PII,Polaris Inc.,7.27B,45.08,1.53%,2.51B,Recreational Vehicles,"869,979"
490,IR,Ingersoll Rand Inc.,7.24B,85.72,-7.38%,34.53B,Specialty Industrial Machinery,"6,662,297"
491,CNM,"Core & Main, Inc.",7.18B,54.31,0.50%,10.79B,Industrial Distribution,"1,015,206"
492,ODP,The ODP Corporation,7.18B,20.18,-0.25%,607.79M,Specialty Retail,"205,320"
493,CLX,The Clorox Company,7.17B,147.92,-1.89%,18.22B,Household & Personal Products,"1,265,445"
494,WYNN,"Wynn Resorts, Limited",7.13B,88.82,10.38%,9.36B,Resorts & Casinos,"8,891,770"
495,WY,Weyerhaeuser Company,7.12B,29.61,-0.30%,21.48B,REIT - Specialty,"2,638,699"
496,CFG,"Citizens Financial Group, Inc.",7.12B,46.35,0.65%,20.26B,Banks - Regional,"2,287,799"
497,UGI,UGI Corporation,7.12B,32.28,-0.22%,6.93B,Utilities - Regulated Gas,"1,202,899"
498,TROW,"T. Rowe Price Group, Inc.",7.09B,107.17,-0.07%,23.86B,Asset Management,"1,141,820"
499,MCO,Moody's Corporation,7.09B,522.84,-0.88%,94.27B,Financial Data & Stock Exchanges,"757,389"
500,ON,ON Semiconductor Corporation,7.08B,51.83,1.79%,21.84B,Semiconductors,"5,888,689"
